ID,SAMPLE,ecotype_id,pop_code,PC1,PC2,PC3,PC4,PC5,PC6,PC7,PC8
1_10,TOU-A1-10,71001,TOUA1,-3.6301625003049316,-1.914426970919861,-1.2196925599385482,-0.7257616308989361,-0.5492649906192738,1.6862905969502746,-0.21961062168707976,0.3520503635665164
1_105,TOU-A1-105,71002,TOUA1,-0.9654120197389258,0.8385382325331184,-0.16082766385664096,2.8925360219924805,1.075665999461442,-2.2599828918685376,-0.4658402764873366,0.16373125984815348
1_106,TOU-A1-106,71003,TOUA1,-2.083108498481144,-3.898548586143672,0.28284118551327697,2.3066457236553006,0.7060399993123042,-0.4346015358247466,0.5227087506362462,0.646185414992194
1_109,TOU-A1-109,71004,TOUA1,-0.3889261207576501,-0.39543374437224166,-1.0454125940524863,0.1564489739102955,1.0977057209780015,-3.146394234234524,-0.006015428337658308,1.524852492685519
1_110,TOU-A1-110,71005,TOUA1,1.3066987655451685,2.74811305091981,-1.2955888744443773,-0.5735089802882513,1.7683068511556281,0.21797905020877748,1.2054581506898507,-1.6003597714719198
1_111,TOU-A1-111,71006,TOUA1,-3.1992747036419154,-1.1805486762932447,1.345762132365164,-0.9519028890271869,0.1358585284876083,-1.0325272817558784,-1.5999891191875701,0.7824303011995971
1_112,TOU-A1-112,71007,TOUA1,4.552484654607558,1.5260832599983702,-0.7214274656927007,-1.3288682433792194,3.2425929069487496,2.2254143894719847,0.35976994050722233,-1.47171475494781
1_114,TOU-A1-114,71009,TOUA1,-1.0949429709297245,1.1048156497014894,0.907242443338762,2.227223958545386,0.728512402427943,0.22154164712929036,-0.9117301928643351,0.5447540758674583
1_115,TOU-A1-115,71010,TOUA1,-2.2326488841172543,-0.8772131231302036,2.8275406105360985,0.15131735452276548,2.3172443152996336,-2.372936438362361,0.6134258759447596,1.718447946215452
1_116,TOU-A1-116,71011,TOUA1,0.8733612115131085,-0.48093186839567814,2.860760596509459,-1.3256991455035625,0.02462308337493739,0.24807223962129774,2.226045971140476,1.4546270016936538
1_117,TOU-A1-117,71012,TOUA1,0.30023312619807174,1.1096376852055623,-0.6992081854320086,0.8492899716528797,-0.7464348877132003,0.2557416141759765,3.4172774333015377,1.4050005781709316
1_118,TOU-A1-118,71013,TOUA1,0.1778555905583436,3.6519994937664513,-0.7599136655585579,-0.22675934393676186,1.7544795622307212,-0.7240670259822303,2.0951394102137044,-1.9254382036119846
1_119,TOU-A1-119,71014,TOUA1,2.649744285766695,2.0446433889693276,-1.9680591823427622,-1.5030264445972876,1.3145538677529585,-1.8489012146177264,1.3397014004193433,-0.760184475277557
1_12,TOU-A1-12,71015,TOUA1,-2.7892813817780593,-0.9647947964596185,-1.3101422241250247,0.1113425598668633,-0.7651355789662845,3.24074753749125,-0.10573603704853574,0.2780332340253452
1_120,TOU-A1-120,71016,TOUA1,1.513893034456602,-0.9120298431178508,-0.4364056425936716,-1.3892969583305317,3.4632062485566344,-0.24960013916963564,0.852801663499312,-0.49927531899791333
1_122,TOU-A1-122,71017,TOUA1,-2.193458656687278,2.4151423895105193,0.5827637552997708,-0.6405253168016958,0.7876039989051326,-0.5492000219950474,-2.392681300028599,-0.01184545340942722
1_124,TOU-A1-124,71018,TOUA1,-0.4096279663599605,2.2215254151658645,-0.7966913174426047,1.244912867191679,-0.7682728721090251,-0.9209455242656605,0.9996920444126257,-0.02102927433609958
1_125,TOU-A1-125,71019,TOUA1,-0.33257468146116054,4.384884250213825,1.2855649583945548,0.23974910407192113,-1.141226830739502,-0.13772352958093437,1.5563151953901055,-0.11454382855741292
1_128,TOU-A1-128,71020,TOUA1,-2.8750638341241004,-0.9805114987187581,1.5161720682620943,1.277842776414814,2.0277361079456635,1.3778218141936076,-0.03197610564309924,-0.6039409899652967
1_129,TOU-A1-129,71021,TOUA1,-5.898480066643791,-1.2122394196332869,-1.3002846591515709,0.8606245250266439,1.777283476559759,-0.1623847473551975,0.013056399363416397,-0.25318584509562686
1_13,TOU-A1-13,71022,TOUA1,-3.5756496642469484,-1.2752591007953313,-1.9594702503447157,0.8015352502120258,-1.2846361731676665,0.8098165575437564,0.34843834620113473,-0.6706508357493752
1_131,TOU-A1-131,71023,TOUA1,-6.35126461834641,-0.7916377761289232,-0.20214294116459802,1.736422393876205,1.4403941960514104,-1.2303719891856357,2.1636576593935137,0.5924414186648366
1_133,TOU-A1-133,71024,TOUA1,0.3593823324128998,1.0407473862902392,-0.3572696999306068,-2.0079875278174044,2.0337790625281436,0.9829048116916624,1.403217539153518,-1.5275792570475137
1_134,TOU-A1-134,71025,TOUA1,0.7681283480014259,0.8490182292576144,-0.9317184176937907,2.534325705433755,2.0991481519894277,-0.3917305532622812,-0.5202634501904875,-0.32408610589722736
1_137,TOU-A1-137,71026,TOUA1,3.6674883497433384,1.635401257424941,-1.7223328278661945,-2.694885814675316,0.575613464815792,0.20063550245125994,-0.8928189098153574,-1.6331971840977728
1_138,TOU-A1-138,71027,TOUA1,4.299563833046227,0.24571969796418405,-0.18509592713906767,-1.820486099926834,2.796776497598041,1.6379208331229271,-0.7677926586065019,-1.1795921024364378
1_14,TOU-A1-14,71028,TOUA1,-1.9309394624522167,-0.21672918005058042,-1.9052864452861444,0.7568710333444106,0.14488460500082337,1.4708278890013342,-1.1556771062795599,-0.7727891787945017
1_141,TOU-A1-141,71029,TOUA1,-0.7379932716652998,-2.4994931285761335,-2.4000425870718893,3.28285349963798,0.763473331053372,-2.0506143489869686,-0.7659661818868058,-0.9493123178082409
1_143,TOU-A1-143,71030,TOUA1,0.9726160677911192,0.9560455387490158,0.5244843005175956,-1.9086852011765685,0.13509245778929765,1.2524580152902256,0.4744061809102341,0.9820900467405436
1_16,TOU-A1-16,71032,TOUA1,-2.925288683017634,-0.3846101382528193,-1.0187419974351504,-0.36750112687987685,1.5776725258658615,2.618906382094686,-0.06347843591935926,-0.9090560917597805
1_17,TOU-A1-17,71033,TOUA1,-0.2358652354256815,1.1952816207380512,1.9648199002130604,-1.7303966951307317,0.3561881790378791,0.22743365811210275,0.13878933866584212,-0.14613018550207976
1_18,TOU-A1-18,71034,TOUA1,-1.395882510568448,2.40950618866953,2.950807887173303,-1.5892302481847036,1.9005935597903194,2.0087745978072977,0.44452293947186144,0.8417689198937827
1_19,TOU-A1-19,71035,TOUA1,2.1228542339635657,-0.4386126118235107,0.35814861203633863,-2.045026051363054,1.4301334059246602,0.40884523629785813,1.6390725680578269,-0.28440312624385183
1_2,TOU-A1-2,71036,TOUA1,0.5644969561943424,-0.6502395176791738,-0.14011911588109902,-2.3512256276265098,-1.75534779650039,0.9412894185914426,0.45217640510292034,0.04335514421316575
1_23,TOU-A1-23,71037,TOUA1,2.355267414960497,1.2354241601139577,0.10948603056831137,2.1180979008687215,0.40712160793930985,3.250424119380781,-1.4712946985464177,0.6785896776141499
1_26,TOU-A1-26,71038,TOUA1,3.171785841946515,1.3687301634685012,-3.270910225378716,1.6661710792439341,2.5398990919357165,0.28452198138452284,0.1781544914589844,-1.3075118558965098
1_27,TOU-A1-27,71039,TOUA1,0.966342821206197,2.6464352229075137,-1.1029046379427745,1.6865834590603306,1.6618176716775521,-1.6324760122777502,-0.40631435587834264,1.4417380413372922
1_29,TOU-A1-29,71040,TOUA1,-0.7322351693494024,0.061010258855810025,0.4799155786578398,-0.8882092871982321,-0.8967611218279387,-0.6417245358928193,-0.2922787739580862,-0.12926792694167197
1_3,TOU-A1-3,71041,TOUA1,-0.7833644823954062,-0.3979857189964065,2.783991426238203,-2.0734357360697393,0.3159935968318051,1.1751009666270102,0.2962778458019263,-1.2050061786609352
1_33,TOU-A1-33,71042,TOUA1,-5.32332915394848,-1.9428005058642788,0.9735337197580894,-0.3788595972246883,0.8287661358861975,-5.1171476680504355,-0.11433812591836427,-1.399033417633586
1_34,TOU-A1-34,71043,TOUA1,1.058516139364492,-1.0347622758594592,5.120199093486673,-5.53773182947404,0.4285862699076149,-0.5794638939177165,0.2756474077096392,2.703147987384309
1_37,TOU-A1-37,71044,TOUA1,1.1085347476814584,1.3803005127982741,0.7525302931588456,0.06531027462285835,0.16600976307843132,-0.04052358730870914,0.43550887497409685,0.1914270140530538
1_38,TOU-A1-38,71045,TOUA1,2.1094538927476685,1.5004233860534095,-0.05050855313179479,0.554022675914225,0.2712472779952585,-1.2870782402367356,0.04768726764420571,-0.9520164924175971
1_39,TOU-A1-39,71046,TOUA1,-0.019026379155943008,-1.2056447900875225,2.094744283931844,-1.1536432046301213,-1.9681648146584454,-0.8731917080114466,-0.8273818035276966,-0.8559909852944452
1_4,TOU-A1-4,71047,TOUA1,-1.0432221001182904,0.2547421457168112,-1.703671952067805,0.3109035903056083,-0.49472937764636243,0.2828059000231566,-1.2223018341865166,0.7962085023314107
1_41,TOU-A1-41,71048,TOUA1,-3.142621808414436,0.7801128359791633,3.824198485016973,-5.130972920714968,0.4249862524995751,-1.5896961958976015,-2.5704838533240113,0.29889989735007444
1_43,TOU-A1-43,71049,TOUA1,-1.4076972698184096,5.010862866782328,2.6407065516038584,0.43642515880768873,-1.1665983740656491,-1.388106046170179,-1.1410033322552755,0.555744765242514
1_47,TOU-A1-47,71050,TOUA1,0.3739859378390046,2.0254689933737877,2.5688279149940905,1.5401252957278226,-0.2220226545568136,-0.11150377736792157,-0.00997662074494413,-1.7769500016834134
1_6,TOU-A1-6,71051,TOUA1,-2.8318954606808058,-2.484316521292676,-2.2836107268830887,-0.149822675139043,-1.9235771853634414,0.8838824806716548,0.11026961293146778,0.8856373328764106
1_60,TOU-A1-60,71052,TOUA1,-3.6413413344870387,2.719818317236822,-2.6131726346453608,-1.6867740074243553,-2.3071872960852193,-0.7136027646976414,-0.2547049079762315,-0.6138235565597677
1_61,TOU-A1-61,71053,TOUA1,-2.9605066790814547,-2.232670161178269,-1.547090729261188,-3.757088601881591,-0.5025816678799251,-3.890255251776221,0.12174626668881597,2.2514211843393466
1_62,TOU-A1-62,71054,TOUA1,1.7965892142765953,-1.061733514618147,1.050093508180766,-1.9000096330677494,-0.48270830507486,-1.2230786125152733,-0.3772022029513524,0.9433110872660868
1_63,TOU-A1-63,71055,TOUA1,-1.269841017857459,1.6158578419709704,-0.04731408562011055,0.009863796025606449,0.8605607874957474,0.5206658266790248,2.366545112935841,-0.9192985841434016
1_65,TOU-A1-65,71056,TOUA1,-0.3539154497642208,-1.7786877339950649,2.036334863724514,-3.143467204164567,-1.8403731274287423,0.002906307235350263,1.100358038896343,-0.19805115986840494
1_66,TOU-A1-66,71057,TOUA1,2.515750434632515,-3.676896528773305,0.6285330048085498,-1.4655057659127675,-1.088295002647815,-0.7236752680514075,0.36213153626575684,0.1043735036865706
1_67,TOU-A1-67,71058,TOUA1,-1.5992272145946849,-0.4697563754785778,1.6076220690693384,0.8654428735589368,-1.634433788939562,0.5264192443590145,1.9518670977779717,-2.8463233808636135
1_69,TOU-A1-69,71059,TOUA1,3.667608423413974,-2.4852353718730904,-1.4809767153495725,0.532780460538004,-0.6943004252975055,-1.3269431074354328,3.823627888479115,2.0842654958480002
1_7,TOU-A1-7,71060,TOUA1,-2.0359006809350064,-1.558864214380761,-2.907271938432459,-2.603452069075343,0.13472298488287415,-0.4743447470016095,-0.23835104919327868,0.22664723182743918
1_73,TOU-A1-73,71061,TOUA1,0.32367275109444943,-1.3525308704347854,-0.13449299647146623,-0.3822657586997426,-0.9267956513393157,-2.3893709166230273,-0.4206348998185963,0.786364070064877
1_74,TOU-A1-74,71062,TOUA1,7.053986833443769,-1.655265214130016,0.6166394115019045,2.075908307424521,-0.181254871661582,-0.8848711568562085,-1.179813492544168,1.070821990735074
1_75,TOU-A1-75,71063,TOUA1,7.522687181457002,-6.54628013309655,-2.585739873765446,0.8029133240225617,-1.1329577519609295,-3.549737581851316,-2.668821211568796,-2.1351023286128803
1_77,TOU-A1-77,71064,TOUA1,5.630874703867366,0.790303533394342,-1.08751503622786,1.07255693594103,0.9462421541702047,0.51812910764521,-0.6619749946737643,1.376265775843651
1_78,TOU-A1-78,71065,TOUA1,5.457512611670413,-5.493102521109469,-2.174271860377294,-0.4142788228770927,-1.6434494785676694,-3.5796625706140266,-1.004402639400505,-2.573941778154923
1_79,TOU-A1-79,71066,TOUA1,-0.6876459818172355,-0.8489705123234368,0.5744418685690766,-1.8102716033852742,0.007899728884071444,1.6045110045931734,0.481738026141587,-0.4860281724315223
1_8,TOU-A1-8,71067,TOUA1,-1.6880570229326637,-0.6778909443059496,-1.986130197642644,-2.1702926158936386,0.26999291170564277,0.06058745784264615,0.09025876517790216,0.2556064700245194
1_80,TOU-A1-80,71068,TOUA1,-1.5730538707010757,0.6937680171685937,-1.3998757069337149,-2.52719514444797,-1.3577030043903682,1.829328173797886,0.27055992799065937,0.05660830962593142
1_81,TOU-A1-81,71069,TOUA1,-3.448762615767545,0.31255768880888335,1.7992110107793382,-1.8813950074933325,3.1009278711148998,0.06388481746651004,-0.5388109400175822,-0.5340909921354412
1_84,TOU-A1-84,71071,TOUA1,1.5612913632181489,0.3284604129686464,1.2744783865419547,-1.4685234503515614,-1.1393367849252733,-0.7754250634691983,0.9106635576176725,2.604285877705409
1_85,TOU-A1-85,71072,TOUA1,-4.848649196607085,0.9235696240325802,2.198981707872764,3.3925714636459383,0.3866079091096708,-1.3088612763667986,-0.23153593670960168,-1.2861299083332636
1_88,TOU-A1-88,71073,TOUA1,0.922141135023452,-3.736536326090499,0.28586697532196453,-0.11080562348481698,4.037877900796256,-4.185372540926348,1.5858608625825663,-1.9996693843980933
1_89,TOU-A1-89,71074,TOUA1,1.0438702404713855,-2.0345480334177815,1.4805970305175216,2.519960201734749,-2.184942677153543,0.34568707714931246,-0.13551611264529342,-0.8781413150909843
1_9,TOU-A1-9,71075,TOUA1,-1.955709956416701,-1.51164188313425,-1.728149050396697,-0.3438279883719218,1.3575206080633961,1.4883132238457681,-0.1046339857767651,-0.32287639438957755
1_90,TOU-A1-90,71076,TOUA1,1.5430819046813231,-0.18012368772952392,3.7125351784178617,-0.5817928357657177,4.033280744099022,-0.29724781930202837,-2.0451535482075913,2.608186555466774
1_91,TOU-A1-91,71077,TOUA1,0.3927486723202459,-0.2496808758819592,3.81334661431602,-0.1567555999207866,4.846546195528846,-1.1621012258499004,-0.0845000114520901,1.0258845381734414
1_93,TOU-A1-93,71078,TOUA1,0.858117000232814,0.7721029796461827,3.984921072399524,-0.4886301694512707,4.549637908098727,-1.4462205372399204,-0.7075583147336093,0.44400501682632837
1_96,TOU-A1-96,71079,TOUA1,2.528264313326357,1.7438323723232865,-0.6421539553674344,-4.242930618402186,-1.3345942175244598,0.2542362717596318,0.7809752443757197,0.6826614448470817
1_98,TOU-A1-98,71080,TOUA1,2.087006612963947,4.386219129979669,-2.3861000232411906,-1.3471398035111852,-0.6378712837391693,0.22868254329818466,0.31359554406273,-2.285422227005105
5_103,TOU-A5-103,71197,TOUA5,3.3955794767401515,-1.8740018871379391,0.46879076260277347,-0.3200304514322348,-0.7983542881248916,0.5127913457062054,-0.3652859523320077,-0.2952661833736369
5_104,TOU-A5-104,71198,TOUA5,4.694185010503679,2.821265361120625,-0.5896767903181164,-0.19059517965079664,-1.673682499854523,-0.13745295933443374,1.6073645695522736,-2.018768507122005
5_106,TOU-A5-106,71199,TOUA5,5.302097730084785,0.1214198876152589,1.7695188294584996,0.7922992282657203,2.0115617103235324,2.020933655727216,-1.4517941927466,-0.3938783402651422
5_107,TOU-A5-107,71200,TOUA5,-1.7035753330571437,0.8750885648943151,-2.0882137752641876,1.8832828872883594,-1.330453387152704,-0.8681453648247939,2.3266762874573956,-0.15081804390418654
5_108,TOU-A5-108,71201,TOUA5,4.361338372060407,1.1022909979245665,-1.5540268320854704,-0.6355838477278717,-0.15729748495686577,-1.8292216706760986,1.279947651345549,-0.05238802523251906
5_109,TOU-A5-109,71202,TOUA5,5.10429218947891,1.910452029167655,-1.738484020205974,-0.9002236311637399,0.27010797505021644,-1.9071975901161464,0.032632348136612976,1.3668975926350102
5_11,TOU-A5-11,71203,TOUA5,-0.3973113501268373,2.1746929535194353,1.217390619351596,0.1916388684383613,-0.6858417282333815,-0.09120510027779928,0.2905148969364339,-1.1514324614582128
5_110,TOU-A5-110,71204,TOUA5,2.8496312335960954,0.6028916571844123,-2.369725347431371,-0.19245393164211125,2.32449523375984,-0.21604948706848126,-0.2919871323875138,-3.5447588248466912
5_112,TOU-A5-112,71205,TOUA5,-2.1928609562495147,1.8238721523325159,-0.07133479848299751,2.569416139182007,-0.4472055894682383,-2.464884326662248,0.3011481940113989,0.4101762632009698
5_113,TOU-A5-113,71206,TOUA5,1.9890080099836422,3.0905122604411446,-3.3225336330267234,-1.4756025949414375,-1.0374768767406268,-1.8512405596446595,0.5177009784923918,-1.0900011149583375
5_114,TOU-A5-114,71207,TOUA5,4.391140818556282,2.092725471145106,-0.6932091026628473,-1.4062349186942684,2.8749452716357538,0.5784173726049782,-0.47414949520423794,-0.44323472881433407
5_117,TOU-A5-117,71209,TOUA5,-3.386591833964894,0.03254005519300566,-3.094375928151639,0.7731623602152184,-0.27414689063243086,1.216715477362304,-0.1853684769798827,-0.055997062354201314
5_118,TOU-A5-118,71210,TOUA5,4.1520710396790586,4.407785696493139,0.3391179126113997,-3.844742787335508,-0.8190670823446028,1.116756136820115,1.4489894948939863,-0.16721186280184022
5_119,TOU-A5-119,71211,TOUA5,-0.4400785493624363,-2.8225108400284467,2.065285544872295,0.5929996656552119,1.1309549489914814,0.3471258402310654,-0.974918697546571,0.990164948074669
5_12,TOU-A5-12,71212,TOUA5,-3.939366955518824,-1.763619638326039,-2.6976397366523646,0.6684059992610584,-0.2874187500148535,1.2003545237502486,1.2168976645903276,-0.8365043934669025
5_120,TOU-A5-120,71213,TOUA5,-0.4226525665098007,1.1779549804390927,-0.7956938298553657,-2.0765456063976653,0.01876644006189258,-1.051920809149759,-3.3316546680722325,0.5385533732983867
5_121,TOU-A5-121,71214,TOUA5,-0.6235325286218992,-1.2892263548664662,-0.6655584820412292,0.6759061525778285,-1.917926964701504,-1.9765904034201318,-0.7434991730939465,-0.7119448410908893
5_123,TOU-A5-123,71215,TOUA5,0.05668510410085138,3.674759758447263,-2.5604446966594434,-0.9001360747084836,0.9485080654207431,-1.3200990899672056,-0.31161661072275204,-1.5790507515584131
5_124,TOU-A5-124,71216,TOUA5,0.7610411898955743,1.757406458943692,1.0116108305711304,0.39225122029050064,-1.009327654452136,-0.9473180613160117,1.5982186206889992,2.0689948714736075
5_125,TOU-A5-125,71217,TOUA5,5.908310684907279,-2.166684298499033,1.1767628149544305,1.027140626437956,2.174138842148409,1.9059609250299134,0.49130353885565026,-1.059102932852464
5_126,TOU-A5-126,71218,TOUA5,2.4063877500940283,2.860776900031552,0.10567501538622624,-1.7768130221527554,0.683588595526758,0.8909378151674879,-0.3867519244638119,-2.267492731257366
5_127,TOU-A5-127,71219,TOUA5,-2.917362170133671,3.2304820044038385,-0.4994547302627099,-0.6041072556072519,-0.7888910567987044,-1.8763602398997277,0.36871686027963807,-1.0413342269964834
5_128,TOU-A5-128,71220,TOUA5,-4.573741257974411,3.9455969879603994,-2.29192374022868,1.1472945027715993,-0.3605424808506295,-2.945948146112574,-5.260257436781831,-1.7483758094602582
5_13,TOU-A5-13,71221,TOUA5,-2.7618491817206987,-1.2226377681778904,-2.469922243073184,-1.3676984714754379,-1.0759036458787663,1.1962668622961823,0.44380912502592307,0.9493821227723384
5_132,TOU-A5-132,71222,TOUA5,-0.9557572851507325,0.49020487743451774,0.5315854250819015,2.942801337156317,1.436138657331925,1.3784862274920937,-0.2391402303915719,0.09333579255415085
5_133,TOU-A5-133,71223,TOUA5,-1.219773132639515,-1.9028268246653262,1.0256949835688522,1.5969963160708016,-0.6445560513798747,-0.10649870805069443,0.15965411773471902,-1.6970613456845838
5_134,TOU-A5-134,71224,TOUA5,-0.26812267922499344,0.2590513947265031,1.9554902849769829,1.7584706917917599,-2.552798687497065,-0.594066600643522,0.08078936275500018,0.4672738271551604
5_137,TOU-A5-137,71227,TOUA5,1.8626256707194653,0.974205550100663,-0.34432201455578043,1.321750056351453,-0.08576755964827028,-0.5630067231220981,-0.7626594271444023,2.9360318990460246
5_14,TOU-A5-14,71228,TOUA5,-1.1843262402037724,-3.1444888325622116,-1.601732490528137,-1.4235161338867712,-0.10364578488579403,1.6133748487517399,-0.5656668912883768,-0.0738642029561149
5_140,TOU-A5-140,71229,TOUA5,2.1500165930303368,3.527504199575795,-2.2910206293137736,-1.4476347915357524,-0.06454755515079531,-2.664246959400682,1.336252737151456,-0.7713474667777075
5_143,TOU-A5-143,71230,TOUA5,0.9119174956255562,-0.08465866284004422,-1.6786539665503297,1.5261468301100836,0.2651279370238448,-0.33514769895974184,-1.9379063152016587,2.0805883617227763
5_15,TOU-A5-15,71231,TOUA5,-2.744688709201944,-1.094780598594056,-2.2338162127078043,-2.427370212758891,-1.5299015083014742,1.6640286799425676,-0.5249837256492105,2.0554829704508717
5_17,TOU-A5-17,71233,TOUA5,-1.4276540184936835,-1.6167070333656521,-2.2078925928124744,0.2261100803299773,0.343171250099291,1.0746080241140352,-0.7946874038031561,-0.5513353888719605
5_18,TOU-A5-18,71234,TOUA5,-3.1996776430487395,-0.7563776486356056,-1.180746970906518,-2.9650142981547414,0.35310542472204787,2.264809896422506,-0.8625406001788799,1.1937861858402448
5_19,TOU-A5-19,71235,TOUA5,-3.823619562448506,-0.31150745810379527,-3.7400881923664677,1.793995181386332,-0.638540505275847,0.2400324980119615,-0.31875867150973874,-1.2217880762340811
5_21,TOU-A5-21,71237,TOUA5,-3.367613707784311,-0.10661483372554273,-1.5329423875532542,-0.6007529501120709,-0.7345062452889932,1.7354028191230717,0.014240975441143196,-0.5314131908525355
5_22,TOU-A5-22,71238,TOUA5,1.2165352445382434,0.22684829235122922,0.2712445210354785,-0.2615160167051555,1.1382966852539158,-0.6675341218950078,0.518867408655581,-0.10732880440071461
5_23,TOU-A5-23,71239,TOUA5,-4.246725135456947,-1.9636541956449818,-1.5479302194353044,-1.6964933216879248,-1.2526954835427373,0.9057626255290352,-0.018795043467600258,0.4777274601492172
5_24,TOU-A5-24,71240,TOUA5,3.032009424067314,2.151322795162382,-2.877460806570367,-0.6984419937013645,-1.295102857341499,-1.1546367809123206,-0.3979204144046145,0.171410618645057
5_25,TOU-A5-25,71241,TOUA5,-0.15858609198530568,0.2962158702447603,-0.974809487202318,0.000566336062646641,0.36119164681641647,-0.15169055361199735,0.3959550147838018,-0.49348497536097036
5_26,TOU-A5-26,71242,TOUA5,0.6145538588234041,-0.5526086898262652,0.7719369115263347,1.522882154594174,-0.13314825141719813,1.8520632407280764,-0.3305835329461171,-0.16559942237007363
5_27,TOU-A5-27,71243,TOUA5,-0.09201663031860792,-0.3586212710511965,-1.403194608602197,-0.5006054928829171,-0.6442110670706243,1.7554111078707075,1.0040967817564197,0.04952188173669533
5_28,TOU-A5-28,71244,TOUA5,1.105748464566046,0.20457948082237992,-1.032918702100792,-0.9900581435009699,-0.3178560331742287,2.4839473724359244,-0.31456530594334553,0.1972551602106279
5_29,TOU-A5-29,71245,TOUA5,1.5253781607812482,4.559205240175493,-2.551518486498256,2.949300977940604,-2.881332787550041,-1.2730876449026591,-1.0021826013691433,1.3596274952115424
5_3,TOU-A5-3,71246,TOUA5,-1.2176172181950842,3.8964002138499017,-0.32124142734889266,0.7039585962818634,-0.7264754402479668,-2.3223003859887257,-0.2963690012962502,0.3092865334367572
5_30,TOU-A5-30,71247,TOUA5,-3.042577083245233,-0.4946729569227314,-0.7342734750178606,-1.0159490822649715,0.8690513049879834,1.2142243394616778,0.778990260689063,-0.9265776031623142
5_33,TOU-A5-33,71248,TOUA5,0.7630315008702852,0.12430965871707454,1.5053805291143443,0.2992160624153847,2.3612227497479505,1.3244084050122973,-1.6473873125205707,1.171256697434757
5_34,TOU-A5-34,71249,TOUA5,1.9022975598306995,1.9370941535681905,-2.4294955977419974,0.8133018068091075,-0.5487238708826243,-2.063534544248885,-2.0035623531803153,2.1493796301889714
5_36,TOU-A5-36,71251,TOUA5,-0.2137009696212255,-0.6677772859766753,1.5956337355829309,0.14971260674439407,1.2729309763346162,2.5113828069942667,-0.7288370104393268,-0.1534935278202047
5_37,TOU-A5-37,71252,TOUA5,0.33696512820369323,-3.768493759507225,0.16637601214808917,1.8728052425228776,1.6522339113262003,2.427126221941899,2.3814882766770404,-1.1550421318448139
5_38,TOU-A5-38,71253,TOUA5,-0.4238909457114214,0.5777383504644039,3.812787606386499,-0.11673036553656314,-1.537061964899374,0.5155546790412877,1.848648992432261,-0.64002969331436
5_39,TOU-A5-39,71254,TOUA5,1.0508792616515992,-2.3529779880747825,2.2259454785386033,0.5331770661614521,-1.3245593767008648,-1.7264995770867333,-0.37151995670441834,-2.6048325497403293
5_4,TOU-A5-4,71255,TOUA5,-3.14212317194003,0.33690623662081653,-2.338498919072047,1.0131409677081198,-1.7206690182673574,2.2156761264990443,-1.0397025643962006,-0.4109257239574074
5_40,TOU-A5-40,71256,TOUA5,-0.6539199368360007,-0.8573375234500651,0.5785996374366152,-1.0802698526005363,-2.0251266618316524,-0.006192589951459126,0.0014908398066009354,0.10999313424192464
5_41,TOU-A5-41,71257,TOUA5,-0.7619851601652389,-1.3409061752037734,4.646176781505366,-1.5599494246888481,1.0593688766054508,0.17831557270476117,1.937821072607986,-1.6251121814455716
5_42,TOU-A5-42,71258,TOUA5,2.4916870957580937,-3.028256488170348,2.8444728751941875,0.2832781669369356,-1.311297898474236,1.7381892468997626,-1.2115040037340985,1.7847917108919666
5_43,TOU-A5-43,71259,TOUA5,3.7425522296378517,-9.094182213621453,2.954616791823114,-1.162134367509888,-1.1815282602194923,-0.47346617420519993,-0.3332173831877451,-2.104437637944154
5_46,TOU-A5-46,71260,TOUA5,2.1900930097926548,-5.01929733341393,1.1548475188000829,-2.0695037660897166,-1.149797081319368,-2.1769468632832916,-0.17358397041299223,-2.651807991762672
5_47,TOU-A5-47,71261,TOUA5,0.570138016048062,-0.08742956080822972,-0.4714645450083217,2.161098864045707,2.510028981098732,-0.5147759892938675,-1.4242295767557105,0.09866211060606299
5_48,TOU-A5-48,71262,TOUA5,-1.0695350749392258,2.749401343342255,0.07733473991184991,0.7804187159182895,-1.852303183852987,-0.9535187676341148,0.3505061559685681,1.0646615546472844
5_49,TOU-A5-49,71263,TOUA5,1.394804151305689,0.8914301676588516,-1.0323187971771868,0.9105533688165869,0.3516878333147697,-0.5854888552206228,-0.1035111707803073,0.8357809641320888
5_5,TOU-A5-5,71264,TOUA5,-1.841665209036927,1.038789957523875,3.140961699934873,-1.6728491246142656,-0.5003934531396533,0.0038846020584035537,-0.026427483349185817,0.48088195203746154
5_50,TOU-A5-50,71265,TOUA5,-1.1819645755454866,-0.7789680952379907,0.8996482893247583,-0.54773396181106,-1.892487698992075,-1.6127760608626511,-2.5878762380369973,0.39300474632586796
5_51,TOU-A5-51,71266,TOUA5,-5.452297402020707,2.7020875479796516,1.0160689760631751,2.7882194364940647,-0.06481985983768959,-0.27303585240847544,-2.827506886413901,-1.7841409956810563
5_52,TOU-A5-52,71267,TOUA5,1.4576427343779594,0.685929441137803,3.3079354202369142,-0.7742631200552542,-0.1255151964140018,1.2052897504044415,0.6575602739404116,1.0604962124297936
5_53,TOU-A5-53,71268,TOUA5,0.08026921526218884,1.9987519527295377,-0.056825808735396305,0.7380265078151257,-0.030355773763166567,0.6587408585159991,0.754546149039373,-0.7995586838581868
5_54,TOU-A5-54,71269,TOUA5,-1.3342706885875442,-0.3591342813160499,3.1485326404535416,-0.420870997294887,-1.7512833201637454,1.7963178195061154,-2.236226569263542,-2.737522084596973
5_55,TOU-A5-55,71270,TOUA5,3.391041276401991,4.114957622618852,1.729051603557749,1.8130778266317074,2.471587526726158,2.2790843931969373,-0.34271435380510584,0.6942377921414449
5_56,TOU-A5-56,71271,TOUA5,0.6105974087247016,3.895107569828736,1.4960357669463207,0.2453853141146065,-3.4588871697983636,-0.30947370169778804,-2.3606434024695995,-1.296141859437762
5_57,TOU-A5-57,71272,TOUA5,5.095737888889113,0.671168779566767,1.4763281556007088,1.9602152479975805,-0.3929631429150988,-0.0048286325031699434,-0.4107228940643918,-0.06850760469802836
5_58,TOU-A5-58,71273,TOUA5,3.9904688332299334,0.8841196087690405,-0.8237308274481819,-0.04249458027526627,2.8961922759716243,-0.550318652731555,-2.1276916425168197,3.371942058546813
5_63,TOU-A5-63,71275,TOUA5,3.6711968452535477,1.545455887556434,0.06456786105575914,3.2462082723486527,-1.603029030999626,0.2996305653885716,1.173661149841704,0.781404066586538
5_64,TOU-A5-64,71276,TOUA5,1.79529648612385,0.3019784070343976,1.0523136163341924,1.881460193595879,-2.570374434080035,0.08983046412946573,-0.04074883651140588,-0.9498154514710262
5_65,TOU-A5-65,71277,TOUA5,-2.0380205450397346,-0.28169479394017655,-1.0804158830734858,-0.17157236227975403,0.09242109182112461,1.3336028018429895,0.21858154343803765,0.5080063697031639
5_67,TOU-A5-67,71278,TOUA5,2.703435468266582,0.15344747684274396,1.6716370722736793,1.8990416881837058,-2.0571273935464656,0.25332613022168515,0.3386227044590509,0.02536762514171732
5_68,TOU-A5-68,71279,TOUA5,4.284728846492521,0.21130371287703015,1.2743446760074637,-1.2775168235232945,-3.0352174767160403,0.6998316831517151,-1.5465701182404747,1.79121463160243
5_69,TOU-A5-69,71280,TOUA5,0.23362108015683639,4.625818842908349,-0.6030574578682469,-1.5068445745158316,-2.2132072989883618,-0.09485498203738514,-1.8192065556285428,-0.9255164722902828
5_7,TOU-A5-7,71281,TOUA5,-1.443229283198787,-0.18331397072150274,-1.9015424601899709,0.40449196907559926,0.5774514734442769,0.7593830648781996,-0.43302036709417596,0.5432990485304763
5_70,TOU-A5-70,71282,TOUA5,3.952845643849255,2.3430919111446205,-0.17146939130960182,-2.935639999279073,1.5453428239155929,0.9745236141583978,0.2507187366990608,-2.364650664605716
5_72,TOU-A5-72,71283,TOUA5,-1.408161950646821,-2.4673570486320435,-0.7479603803293452,1.4999128609797778,-1.6920618375364205,-1.3612629632789877,-0.3060500228810129,0.8063025319212829
5_74,TOU-A5-74,71284,TOUA5,2.114730449570501,-1.111533141522035,0.6540368567019959,0.7626267223820242,0.010188368350265636,-0.7346119895961761,0.7856877468660105,0.28942509777470776
5_75,TOU-A5-75,71285,TOUA5,0.32593051833447956,0.12963573541482198,1.3320010280828287,-1.5844000298390275,1.053072254055426,0.5168682256256526,-1.447139515919902,-0.2525405979579991
5_76,TOU-A5-76,71286,TOUA5,-0.6428044280810035,-2.5365085004455046,-2.5125038968255056,-1.6638822777814732,-4.048175863360905,-2.471207675244883,3.256798095387773,0.23972197928860084
5_77,TOU-A5-77,71287,TOUA5,-1.829905728237372,-1.0853516573615618,1.0308034549071552,4.034300743594772,0.9306603113029571,-1.4198313936663038,0.36571907587124364,0.9544078182676016
5_78,TOU-A5-78,71288,TOUA5,2.0420606143702633,-3.246861504932189,-0.24973614395670363,1.255639454230039,-1.1254565078838898,-0.8394200530692577,-2.1478479467285903,0.7352714690812422
5_79,TOU-A5-79,71289,TOUA5,-3.7481663563679235,-0.5285973648197919,-0.9089500116919531,-0.6535713946783233,-1.1196627971631103,2.057710182292565,-0.5526514447071652,0.4421498874674511
5_8,TOU-A5-8,71290,TOUA5,-1.6235399957342482,-2.570982866971778,-1.6427315922529508,-0.4413010713869515,-0.6071804175753271,0.9272746125939717,-0.5607203274771144,-0.3217040679734945
5_83,TOU-A5-83,71291,TOUA5,2.2916368669998026,1.9439785199322406,-2.5962597378690644,2.5738033217524148,-0.9698113003638297,-1.2934386757646261,2.3962216061580697,2.1845971058289684
5_84,TOU-A5-84,71292,TOUA5,0.7064063738109164,0.6802361625208417,-2.8741552333934473,-0.1017098395534444,-4.172689471401488,-0.9580801798843886,0.304154340621285,0.8830937831925361
5_85,TOU-A5-85,71293,TOUA5,-0.2063365763424056,0.4078693167479989,-1.9886496772734217,1.9198038310433894,-1.3937112852789033,0.7896947616378648,-2.870344199121994,2.5075388690817406
5_86,TOU-A5-86,71294,TOUA5,0.5903905077628984,0.574854028822043,-0.7569648552314296,-0.7347652787468996,-1.3885528332000423,1.0569843888320851,-4.439373089371482,0.6981709481713044
5_87,TOU-A5-87,71295,TOUA5,-5.010592743035049,-0.26330699635348576,0.834259408490112,-0.6340781897466629,3.858240813203045,0.06829605857089559,1.430998538615285,-0.08879258574879932
5_88,TOU-A5-88,71296,TOUA5,1.929213039533865,3.672140916129042,-0.07344107259923595,1.6591606178333276,-0.7944572036233939,-0.8667302288440127,-0.3916358996501478,-0.6244220727830676
5_89,TOU-A5-89,71297,TOUA5,-1.216980697705897,-1.9312274111074637,1.1981367246869576,0.5768382342886659,-1.8220577034222665,-1.1180535899000843,0.4608366679187781,-1.2135797659745389
5_9,TOU-A5-9,71298,TOUA5,-3.0791438033161387,-1.7865981933485546,-2.836991150273316,-2.1286975180472645,-1.3608843475172037,0.479577042515387,-0.9898970798078996,-0.7010556349747741
5_90,TOU-A5-90,71299,TOUA5,0.22270993322664875,-1.1282469114101845,2.352864212401649,2.728522739240938,-3.2148750265255255,-0.47047917946007,-0.035257455620476885,-1.3720705398865516
5_91,TOU-A5-91,71300,TOUA5,-0.0009362047599818813,3.0350286443029537,-0.7853493689476936,2.108535414268494,0.538967334287494,-2.322191283549736,0.27429939355298066,0.4484316744286858
5_92,TOU-A5-92,71301,TOUA5,-1.5378247457853835,-0.34199502539090754,-3.0481336266565986,2.8775648220529497,2.25051796558809,-2.45342461431824,0.9768277373122881,0.041819202373602794
5_93,TOU-A5-93,71302,TOUA5,-1.908549749716482,-0.3748320109549008,2.9095076746677293,-0.14914253506061242,2.8245062777986347,-1.9087423626469309,-0.7825470290752784,0.32134648642988267
5_94,TOU-A5-94,71303,TOUA5,0.8694510086740757,-0.26732423970334884,3.035515752556675,0.8702592627954242,3.281566835027793,-1.206930417658017,-2.0083241010459587,0.4601521641471317
5_95,TOU-A5-95,71304,TOUA5,-0.1059596483615302,0.21975502153942364,2.48556297044944,-1.2028591125145665,-2.6516177094228257,0.6807334841195448,-2.2635391073735023,-0.543557855112627
5_99,TOU-A5-99,71305,TOUA5,-0.9056546913668875,0.20183164544358567,-0.137001218814224,0.49726233243777956,-0.4619223951892192,-1.6253230604533635,-0.669128086091289,1.1181809157555365
6_1,TOU-A6-1,71081,TOUA6,-0.02763149409563852,2.03027103837617,2.2277127964206973,1.0229280358574437,-1.280275310337626,2.0070573082749035,1.5702003006744172,1.373540926001787
6_10,TOU-A6-10,71082,TOUA6,1.6739509472733642,2.997611629563708,2.3022840757985197,2.3221234973005256,-0.50041893581755,1.9948747685864943,1.1866712536573767,1.3317886805853947
6_100,TOU-A6-100,71083,TOUA6,0.857471607795278,-1.1582286100998072,0.838071582067341,1.1099766414291015,1.6368121802297173,0.8268545343057268,-0.3569242087416405,0.3220775350610967
6_101,TOU-A6-101,71084,TOUA6,1.0869977272008333,2.033416703631338,-2.0649267719745215,1.775924358973559,-1.9753257134238056,-1.573005260616667,-1.700859460451346,-0.16934121029416477
6_102,TOU-A6-102,71085,TOUA6,-2.024115987516074,0.6872199673478314,2.1999953166139834,0.22380330755374522,2.187174449431023,-0.9842321371424249,0.2788145764763422,0.6516851348891485
6_103,TOU-A6-103,71086,TOUA6,-0.356941164641359,0.19308459658985694,-0.31443017618880237,2.2735063588609954,0.9011800928671363,-0.4606309302260035,-0.8340140263153467,-0.609303056961165
6_104,TOU-A6-104,71087,TOUA6,2.0069299037142296,3.7935749656167794,-1.4563516915276027,-1.1632960387788127,1.2453814705716924,-1.8844647816085616,0.46937045146063344,-0.8973690805037686
6_105,TOU-A6-105,71088,TOUA6,2.0963231901812387,0.563167738512624,-0.3601236924004637,-0.7096380802740069,1.7021067975437334,-0.25342762948991837,1.7346176962153834,-2.1694417278283096
6_106,TOU-A6-106,71089,TOUA6,-3.216561379555322,-1.2172664598514213,-1.4702939998224527,1.406622275426539,1.635175631021677,-2.163743950175381,0.6531849467178756,-0.6319523482276788
6_107,TOU-A6-107,71090,TOUA6,-3.6189287694005863,-0.40703460638631495,3.140421839846576,1.8010578572857783,2.6657981958344235,-1.2700667523654503,0.004695517238340456,-1.5372343105916157
6_108,TOU-A6-108,71091,TOUA6,-2.385399708794712,-1.179695425733604,0.1443111633715964,2.1217098421214735,0.8409955800549421,1.9474045732803362,0.8629215512643624,-0.6568486465165758
6_109,TOU-A6-109,71092,TOUA6,-2.8176796180329857,-0.32784795589205334,0.4967520191527393,0.5443950740969128,1.9579254688100105,0.39502230394238996,0.7521177643064565,0.12529362947196848
6_11,TOU-A6-11,71093,TOUA6,-3.192572629807339,-0.8568910134223454,-1.8845437242073826,-0.5090244275070219,0.522512077718684,1.6317579914114864,1.1353083480854846,0.08014036800767885
6_110,TOU-A6-110,71094,TOUA6,-3.6390589043382344,-2.3313830709047254,-0.4938762921515118,0.9080199303785312,-2.052467014182306,-1.0645738427581413,1.9539248463355854,0.41125568043616767
6_111,TOU-A6-111,71095,TOUA6,2.350566664250582,-0.10722428545399397,-1.2397054431525112,2.81632595846729,0.9109220169845506,-1.5268786118699313,-0.23914592366294285,0.39366477431747193
6_112,TOU-A6-112,71096,TOUA6,-2.484490302510524,-1.0567270968337765,-0.49969522958717766,0.3321611434281612,1.9259781858798681,0.2944920106217538,-0.1926897778190043,-0.4576429448900529
6_113,TOU-A6-113,71097,TOUA6,-0.9653427180179525,-0.7460573758056159,-0.184287479716324,-0.4464191252783827,0.1282777262783105,0.08095485762100722,-0.6860626318657563,1.9170813358172742
6_114,TOU-A6-114,71098,TOUA6,-2.9800728256472655,-1.656433834577598,-0.09181070478440168,-2.4484529978449765,-0.13516447934601344,-0.8152601930228637,-0.3661355771072313,1.7387510409198441
6_115,TOU-A6-115,71099,TOUA6,-4.135859823241529,-2.036024598095635,-1.6951101996037314,-1.572336710836443,2.1100184208974913,-1.2847251253899075,-1.332486895056356,0.12971695983402698
6_116,TOU-A6-116,71100,TOUA6,-3.7402722016465217,-1.0328732193386898,3.1208355084207238,-0.192755427904622,2.886352630519113,-2.388701946233374,1.5397284708564576,0.2639934540563596
6_117,TOU-A6-117,71101,TOUA6,0.09398727612778926,4.816331447663469,-1.9908526603312138,-0.2645636566418135,0.21115930628785745,-0.3513592847449807,1.3657037781927366,0.6149289964347007
6_118,TOU-A6-118,71102,TOUA6,-0.3099354904455363,1.6561951013604839,-1.0288144977755633,1.5946757304816366,-0.7785448716803646,-1.3416912302975008,1.0235810686413809,-0.059792952091774
6_12,TOU-A6-12,71103,TOUA6,-1.7849679907007006,-0.8495061168079951,-1.9837810863229803,-0.5748458782663457,0.09581340271348837,1.6108126587002924,0.23147526519414746,1.5758261037865327
6_13,TOU-A6-13,71104,TOUA6,-1.1765301839686635,-0.20044267733594473,-2.0001527614782297,-0.22392375443278995,-1.1742121191159633,0.30821895426488005,-0.892930791106526,0.05652904456777554
6_14,TOU-A6-14,71105,TOUA6,-2.533885547989237,-1.2693021535295432,-1.6955939583103294,-0.7086798376449667,-0.9411852608059974,1.8743342060392958,-0.14823247572265147,0.6131371252884529
6_15,TOU-A6-15,71106,TOUA6,-2.1657885936697157,0.5225562551589957,-1.8420839671333462,1.5724816268765758,1.2480177119538904,1.0803002581770957,-0.17154930169518137,-0.08348955878389758
6_16,TOU-A6-16,71107,TOUA6,-3.2056172087310784,-1.5251919237462381,-1.8948201237184223,0.24668898607383685,0.7152938932161276,1.2119996463414389,0.48013024818313244,-0.8498111771117653
6_17,TOU-A6-17,71108,TOUA6,-3.9331349987965933,1.9452455776844044,3.5006136353526056,-0.4250965142031175,-1.3717090684424642,1.6089274027348326,3.8150499597597403,1.9356893757514622
6_18,TOU-A6-18,71109,TOUA6,-5.906064256977654,-0.8061032664946047,-2.071831982396115,-0.842699985844993,-0.4121702907869882,1.3667569429483166,1.2357951870849424,-0.4864300415836612
6_19,TOU-A6-19,71110,TOUA6,-3.082552469708602,-2.416610090417763,-1.4527659357580505,-0.14169414233488092,-0.4453014439687936,1.5172485394764434,-0.5137387337706927,-1.7015851765320817
6_2,TOU-A6-2,71111,TOUA6,-4.629383762243001,-0.2616096509323005,-0.9175759620374537,-0.5521548368186548,-0.7836979485947251,1.539219723155508,0.6955275092283623,1.06622932390732
6_20,TOU-A6-20,71112,TOUA6,-1.507666535947857,0.6026012052091679,-2.4056870112306874,0.0598314455966461,1.9818332285690434,1.1194210024076525,0.35122568915260044,0.3378369616189952
6_21,TOU-A6-21,71113,TOUA6,-1.9705503901911632,-2.188411636419772,-1.4323042453180816,-1.2977435683366927,1.885174384446293,0.626765630897593,0.20319839728665462,1.151892320509586
6_22,TOU-A6-22,71114,TOUA6,-3.2265749806882993,-1.3167920469340777,-1.5014098897841544,-0.5455327721857866,0.09227506079089598,1.9681415105428217,-0.19954864129570135,0.04101349487557637
6_23,TOU-A6-23,71115,TOUA6,-4.861539086952876,-0.955254164477218,-2.960912071147033,-0.11687127425496925,-1.8321562228002435,-1.0855888069553696,1.2053322952098655,0.05630191100215645
6_24,TOU-A6-24,71116,TOUA6,-3.579664955028126,0.04565207189522647,-1.2819231354588585,0.5480780501408963,-0.04182418836779773,1.2011755405740925,1.3213037973946415,0.6471379896468852
6_25,TOU-A6-25,71117,TOUA6,-0.032837878747045225,-1.0930290301494354,-2.388334511664222,-1.1069930149111813,1.65534430634355,0.9505818672455584,0.024565988761892168,1.9354339645116052
6_26,TOU-A6-26,71118,TOUA6,-4.704335883158237,-0.6637230679463043,-2.045118348725901,-0.1512382100444039,-0.4591347218904501,0.5168894955596964,1.0180920574836005,-0.2537468660540976
6_27,TOU-A6-27,71119,TOUA6,2.8141378509315813,-0.6941470762230288,-0.9029549513052209,0.24374351331600105,3.085070416024008,-0.708531228947322,-0.8387067734255165,3.095197744869827
6_28,TOU-A6-28,71120,TOUA6,-3.4865043377944693,-1.424685518528291,-1.9223521256762526,-0.6382888013178842,-0.010305163183932809,0.7023394690498589,0.7472060515357267,-0.9530462864194077
6_29,TOU-A6-29,71121,TOUA6,1.766863994677035,0.9292308213883126,-1.1921835807768653,-1.1434478613601982,1.0266747604640716,-1.470523896184682,2.0273814934289263,0.11978528873783331
6_3,TOU-A6-3,71122,TOUA6,0.247925877287651,0.7826354990765124,2.5917543319135956,1.6655079785710805,-0.4835027909308787,0.22057001242940455,2.399573051078664,0.3450965679345271
6_30,TOU-A6-30,71123,TOUA6,-0.2346048541333836,-1.2015635878209385,-0.07685818859498737,2.937976336047366,1.0924195298464867,1.2729783178569394,-0.6573635550404768,0.3537007965289935
6_31,TOU-A6-31,71124,TOUA6,2.790648749109122,-2.7939403536802203,0.7044401422758129,0.5071959571116178,-0.19819725104615205,3.17396111388321,-0.7796076891538244,0.4791530046076785
6_32,TOU-A6-32,71125,TOUA6,2.2508180310507186,-0.9407188215500164,2.5936466251834793,0.2007278944075196,-1.0112783723215295,0.497871358798257,-1.157970560441538,-1.4111950011385528
6_33,TOU-A6-33,71126,TOUA6,-2.5108947708487084,-0.30267395689682053,-1.4855568012135767,-0.031339823385512756,1.4517027374192957,0.7371582074162588,-0.044387396741860964,-0.2632998439083789
6_34,TOU-A6-34,71127,TOUA6,1.87714560986973,-3.525807436837818,-3.2255945460231064,-0.9334002855875786,-0.42443762390920464,0.810659668551433,-1.1707559766662081,-0.24806012971753794
6_35,TOU-A6-35,71128,TOUA6,4.110945507425887,0.9234767731153118,0.27018495174810303,-2.2434246459172753,0.45893614770609126,-1.2520103682781996,0.5003572497709021,0.9798128775260415
6_36,TOU-A6-36,71129,TOUA6,-2.59259525047754,3.371501574976908,1.4314136574591632,1.4813786648546345,-0.8642714191292351,1.9991579518411735,0.9073387686666179,-2.6038927519982185
6_37,TOU-A6-37,71130,TOUA6,3.0395816580411945,-0.9715763242977613,-2.7734182694643157,-2.1456711231487855,-1.1442105166998133,1.627478250980421,-0.2608215327773875,1.734588362230018
6_38,TOU-A6-38,71131,TOUA6,2.219657367527808,-1.064046958847943,-1.0555484843210483,0.2524479266734006,0.5111231014541641,1.3912126310896487,2.3458822059580897,0.7070661119451779
6_39,TOU-A6-39,71132,TOUA6,0.681152973597151,1.5966337775743633,1.3054473947799707,-3.1424044998789786,0.11950875000663101,-1.346494408481733,-0.8975492492425665,1.4719603859431498
6_4,TOU-A6-4,71133,TOUA6,0.4240814736089457,-1.0148895530262032,2.2456838003288038,0.4531863564685922,-2.5595898300583912,1.1727365422034643,1.0312680449744873,0.7761822325481743
6_40,TOU-A6-40,71134,TOUA6,0.7285348129095975,-2.1692159627508483,-0.8952634110759018,1.0437351201705243,0.6780400250184107,1.2916855337587188,0.08526621375832971,0.6293155813555438
6_41,TOU-A6-41,71135,TOUA6,1.7795182064824524,-2.8483611984029618,-1.6833381872285798,3.6199293132914887,2.2772765732032907,1.5349320307117407,-1.7973734897600502,-1.1546840852563072
6_42,TOU-A6-42,71136,TOUA6,1.0586364031027764,1.0279382180565824,-0.9699261834898283,-0.22362919063073902,0.17100928430074677,2.3808226337644367,-1.3943505873934696,-0.2059408871761146
6_43,TOU-A6-43,71137,TOUA6,1.114954298192968,-0.03388252339205553,-2.031716527864948,3.272097058519535,-2.1900980786840565,-0.10261893167999095,-1.552385801080148,0.31899566572447685
6_44,TOU-A6-44,71138,TOUA6,3.340091956645892,0.43266842746556317,-2.871267301880276,4.2056869959273175,-0.880477814387556,1.8942202830702655,0.8658204787867337,-0.685320409136075
6_45,TOU-A6-45,71139,TOUA6,1.489554985016931,3.2658631891391954,1.8741737528244522,2.0578854753094604,-0.05820025422623109,1.2110697912933601,-0.4312561445852066,0.05512723856682019
6_46,TOU-A6-46,71140,TOUA6,-3.3875274729150107,0.0988799693785368,-2.1711989505268723,0.553382670300627,1.269335023541814,0.8011433537420326,0.40946739802838034,0.48948919870716484
6_47,TOU-A6-47,71141,TOUA6,-5.956847996486112,1.3090579141293555,3.6086987735239147,-2.4765008997481064,-0.614010462303001,-0.9885941567551421,-1.060403923481451,-0.398842944073798
6_48,TOU-A6-48,71142,TOUA6,0.5179753241808128,-1.0727721608065688,-2.122556264566669,-0.45964007671082063,1.9743053784637374,0.3000171125602606,-2.0289986503587367,1.7521900220138498
6_49,TOU-A6-49,71143,TOUA6,6.037011957679529,-1.9731543298041259,-2.0604194103531257,0.026685745588782856,-0.2992137978635836,-1.1836572408708315,1.0000125410962317,2.182356358916594
6_5,TOU-A6-5,71144,TOUA6,-0.2115127118343956,2.563849169132829,2.8809279616901042,0.5274080121810568,-2.304645368892577,0.19333757546115657,0.8880518253607655,0.42260324901439666
6_50,TOU-A6-50,71145,TOUA6,2.449159835345601,1.8899648844724881,1.0655914182905246,-0.5863833899969401,-1.7991724676494538,-0.013764139408342226,-2.022898803254369,0.9495233038769116
6_51,TOU-A6-51,71146,TOUA6,-3.395228363056618,-1.6697773864562393,-1.9824816542390986,-2.0923511211015944,-0.6522219881160757,-0.05682111091552717,0.05316284738062317,1.0681675053526631
6_52,TOU-A6-52,71147,TOUA6,1.370807110088184,-0.18384600474749516,-0.7125313446078474,-0.08089821649672282,-1.084118520788156,1.2694227883450493,0.05163539541827609,0.6268150372318609
6_53,TOU-A6-53,71148,TOUA6,-0.11694043279047037,-0.7481153459374141,1.379616753896263,-0.9633669501828902,-0.7084556820067267,-1.292664615333286,0.07789516790860926,-0.7716517179131424
6_54,TOU-A6-54,71149,TOUA6,-2.7417824418595735,2.3943495939488812,2.896199334699406,-0.6400489067784318,-2.6175782003776726,0.028277453815824905,-2.516653447343537,-2.713101127913028
6_55,TOU-A6-55,71150,TOUA6,-1.3475788817914924,0.957604086803028,1.755182540384831,0.5341245605895597,-0.9271234645160409,0.16281917362942722,-1.2715773059252697,-1.3847472847569202
6_56,TOU-A6-56,71151,TOUA6,-2.145528837586856,0.2741752376134949,3.0763066443820866,-0.29050851815228035,-0.7204357150385529,0.718522463597632,-1.1303083225163568,-1.3930784324850574
6_57,TOU-A6-57,71152,TOUA6,3.979903755638642,-1.287610846460571,0.1811610988373197,3.710047432651157,0.7211976829929266,1.934932542151265,0.8849389692725245,-0.23894829631651648
6_58,TOU-A6-58,71153,TOUA6,1.9170593334001649,-0.04645450072346563,1.3086693990787779,-1.429732556597236,0.47323101018874264,0.44797672186561716,0.37217089801770825,0.1313995482024734
6_6,TOU-A6-6,71154,TOUA6,-1.8561707034530488,2.7232905872068667,3.1982848710375014,-0.3088637136843065,-1.9287356571146586,0.7044106385540232,1.521070881325247,-0.6787774657543273
6_60,TOU-A6-60,71155,TOUA6,2.1392189117819513,-0.2811719687636843,2.289496088198568,0.7226711210049988,-1.0413068613349343,1.7269457002555044,0.6588438352624844,-0.253778661474315
6_61,TOU-A6-61,71156,TOUA6,-0.628366535748893,-0.6896122645484077,-1.3444286692304115,0.635215301351568,2.2250251606156577,0.030347349627167484,-0.3976001082986396,0.6684445491862016
6_62,TOU-A6-62,71157,TOUA6,5.428535626928766,-6.347623543456092,1.3269490076902593,-2.053236650256082,-1.850721996712201,-1.611561581138732,0.1534175320907584,-0.9469623654751402
6_63,TOU-A6-63,71158,TOUA6,2.987869420172806,-6.722345805508664,0.3025507272698666,-1.5528449972177283,0.46906560466098524,-3.4873122709286375,0.7234653630437716,-3.659743375120023
6_64,TOU-A6-64,71159,TOUA6,2.0782359922309386,-0.05575958521249294,1.9985591855907825,-0.40113908409206583,-3.350860546955962,0.1775424612235287,0.08463504701309668,0.9723102636340626
6_65,TOU-A6-65,71160,TOUA6,-4.176655372677114,4.884186134165046,1.7714948431083821,-1.4591157608513514,0.4525463477468212,-3.7439882856162057,-0.6647969769108479,0.20027923117205892
6_66,TOU-A6-66,71161,TOUA6,3.0837015284411207,0.15861935395397253,-1.3285993183725266,-4.8639445043017036,-0.2759280921698131,0.2863446015152467,1.5597038608353364,-1.7759486101540785
6_67,TOU-A6-67,71162,TOUA6,3.9842808276456867,0.6072344104332837,3.687735210006261,0.5641857599066572,-1.3808783649472054,0.4691139830009779,-1.6716079520930094,-0.15888567690404937
6_68,TOU-A6-68,71163,TOUA6,0.9734154694755928,1.0582111282919464,1.0279535041585857,-0.5780427996265649,0.08645074785126107,-1.25739608441401,0.35710209312735686,0.6961709902017846
6_69,TOU-A6-69,71164,TOUA6,2.7693543291388885,-0.061414134545950856,0.9242731505450466,0.728633527774613,1.2268514074410581,2.3657093054577567,1.0418527799402648,0.8227762873754229
6_7,TOU-A6-7,71165,TOUA6,-1.817731942245767,-0.9422389617124729,-0.773286861781952,-0.522947416370656,-0.3126143608827501,1.8584668072503616,0.41337961573697735,0.7665682106308618
6_70,TOU-A6-70,71166,TOUA6,-0.24162576369419145,0.04903369382085681,-1.1524065776490675,-3.2441880445305795,-0.9921061353966377,0.8015916313912399,0.6464331039693261,2.088496152102996
6_71,TOU-A6-71,71167,TOUA6,1.60896189592723,-6.230816879812476,3.8856287187224408,1.1649639750868255,0.2536361144092925,-0.21136460516439937,-0.6154943316058691,1.4881596970260642
6_72,TOU-A6-72,71168,TOUA6,-2.5114775574505446,-1.808692980455099,1.4862831258693445,-0.012247451002885445,-0.6869226098984406,-1.4598549875889875,-1.1857139521018059,1.8676858427119858
6_73,TOU-A6-73,71169,TOUA6,-2.1004162154484067,2.2187135118879406,4.2775036941479705,-0.597608351931386,-0.41068757555300556,-3.6846348525967585,2.5557161659341743,0.14381252776298187
6_74,TOU-A6-74,71170,TOUA6,-0.036542777882452346,-0.7266164464130145,-0.49686513552507106,-1.7542419426658804,0.923457881476845,-2.2356690701521913,1.4229122707304827,1.4267349368506403
6_75,TOU-A6-75,71171,TOUA6,-1.9302894715868721,-0.3101450844952518,1.3059559579541582,-0.5737052552970082,1.3110770456906757,-0.4852597621664415,0.4095803325867603,1.7341082722092456
6_76,TOU-A6-76,71172,TOUA6,-4.112223531991613,-0.46672040272291737,0.21954742765152094,-0.8516433161195728,0.45293616907352563,-0.9936448024360499,0.8576170265943462,-0.6852696964338332
6_77,TOU-A6-77,71173,TOUA6,-1.4774375697778006,1.2986699556978865,-2.3701740676191676,0.5989230898468046,-0.21472026234349012,0.32080169305812106,-0.6714814120555523,0.6676940200369673
6_78,TOU-A6-78,71174,TOUA6,-1.95916499985165,0.6093797552871835,4.318915111159307,2.197701889950238,0.07004432622346271,0.20789392910997656,-1.839755271814331,0.8170922336585266
6_79,TOU-A6-79,71175,TOUA6,3.78785339675167,0.3363629218470448,-1.067075334606903,1.0242226050904397,-1.2919941841457003,-0.6577867743243,0.005833303413725606,-1.01961586641492
6_8,TOU-A6-8,71176,TOUA6,-1.8158349517526151,-0.4243398109514996,4.049251717390883,1.2554595190638849,-2.0000555086823164,0.1335278742824782,0.7792940232695359,0.5905239169238009
6_80,TOU-A6-80,71177,TOUA6,0.5034726821724141,-3.485534414984524,1.6293654133866085,1.1973498394169007,-0.24132587215269635,-0.059502224499938194,1.1083997863221788,-1.3790185285973278
6_81,TOU-A6-81,71178,TOUA6,-4.4010190675037935,2.011836442976258,0.977508565976788,0.431086673625303,2.439808869523469,-0.17185112070255248,-2.140423084698711,-0.6206540042323777
6_82,TOU-A6-82,71179,TOUA6,0.3255830340439498,-2.380248037084688,3.02465931645576,2.2585870132062813,-2.005906504391372,-0.045603909086449845,1.0911950401313757,-0.004056789242940666
6_83,TOU-A6-83,71180,TOUA6,0.8000595670551244,-3.707519473797178,5.246886248919172,1.535021621000925,-1.3087665257839556,1.1559857012424741,-0.480473417490023,0.8324113646964827
6_84,TOU-A6-84,71181,TOUA6,0.20900449620502443,0.7497501372481771,3.2017030700227065,1.3896328258584028,-2.848702045922333,0.3834566781146248,2.1153002182849745,0.5033554796607626
6_85,TOU-A6-85,71182,TOUA6,3.824960499423056,-0.4987000202617406,-0.16966655049272264,0.30890104044985994,-0.21986260173468608,0.36448151580515725,2.7208898168075493,0.4886138889763547
6_86,TOU-A6-86,71183,TOUA6,0.6967431282528429,0.38984840253340963,-1.8120416454091406,2.6088872448771956,1.8928809981721948,0.1924809986879668,0.8331865501570691,0.9946124883413953
6_87,TOU-A6-87,71184,TOUA6,3.6018178506368304,4.661378651583275,1.4564620847358716,-2.157933656256717,-0.4824974905469995,3.2263448069097356,-1.0169437006930853,-1.9499858152485328
6_88,TOU-A6-88,71185,TOUA6,5.508915229688573,0.6884719723851362,-2.3939018516843773,-1.515162534842752,-1.535200624153227,-1.2306612830393802,0.5894939269858915,1.5273630717523399
6_89,TOU-A6-89,71186,TOUA6,2.888362688769702,-0.5408712535869092,-1.0805861709747422,3.723275082499167,1.2719832664270496,-0.12932345413381524,3.6587934961949844,0.5050254613454309
6_9,TOU-A6-9,71187,TOUA6,-1.6130915417786278,1.197976321338736,3.404963348133573,0.9164406801701034,-2.3454839596413053,1.5362308300123533,0.19474712058818155,-0.8153149610337157
6_90,TOU-A6-90,71188,TOUA6,6.927700347939203,-3.093854177134126,0.05601721296505687,-0.27717192814129765,-0.22449552488313756,2.0598741746409273,-1.2767078484857874,1.1230149174390187
6_91,TOU-A6-91,71189,TOUA6,4.740149291819693,0.9445428171775628,-3.776660838802983,-3.1763942375473295,2.0500195559809384,1.485751716861938,-0.8154482508667198,-0.9442518075617915
6_92,TOU-A6-92,71190,TOUA6,1.979098773769853,1.3947961106048945,-1.0141466956609668,-2.356348775504908,0.08594780385011348,-0.2913127449393041,1.1822474192660735,-0.9745808955832099
6_94,TOU-A6-94,71191,TOUA6,0.8725812455713019,-0.8357474042580559,-2.2877385799281877,1.6269942769925283,-0.501559556005065,0.1508262738108771,-1.3344724391375946,-1.4159568168519228
6_95,TOU-A6-95,71192,TOUA6,3.5949381772203712,1.5510889286804175,0.7910129230115659,-2.5829614339581983,3.953542338991581,1.2776988618715315,-0.12805432239283213,-1.9957845468442976
6_96,TOU-A6-96,71193,TOUA6,2.9723438702014158,-0.12945347612047128,0.05068371115371825,3.211926852207645,-0.33154237152932836,0.6334547417825775,1.036187492856487,-1.9372930630958418
6_97,TOU-A6-97,71194,TOUA6,-1.7900947049882214,-0.8854956866651877,-0.328181075370774,-1.415101655527749,-0.2622303678204928,0.4930223935171354,-2.46785121766214,-0.6171883067692093
6_99,TOU-A6-99,71195,TOUA6,3.242477313426822,-0.17982071492147597,-3.5785690425536263,-0.27035915001101646,-1.4197093971606356,-0.8242659979868185,-0.2603819468089021,-0.7746079972290455
